,y
6399,0
25665,0
30310,1
26117,0
21458,0
30632,0
37086,1
16128,0
35889,1
38392,1
39595,1
33772,0
39636,1
40427,1
21293,0
28478,1
21295,0
35564,1
5270,0
75,1
661,0
13040,0
4318,0
20742,1
32905,0
30441,1
1444,1
31791,1
21363,0
38589,1
29764,0
12664,0
26195,0
39787,1
40382,1
34399,1
28794,0
9502,0
28766,1
36169,1
10442,0
4830,0
40902,0
14149,0
24171,0
17169,0
32351,1
40216,1
40913,1
14988,0
4084,0
20537,1
40504,1
33621,1
35211,0
5633,0
16218,0
38312,1
36950,1
40749,1
20151,1
1636,1
40328,1
33916,1
36360,1
33316,0
16294,0
28968,0
25561,0
33261,0
11346,1
30226,0
24322,0
12554,0
37690,1
25721,1
3142,0
22221,0
19161,0
30332,1
38970,1
21913,0
37786,0
38296,1
6109,0
31479,0
36243,0
37707,1
4119,0
28038,1
39630,0
29582,0
38230,1
25591,0
29715,0
21082,0
29157,1
33477,1
5007,1
13016,1
31427,0
34041,0
32016,0
14191,0
35948,1
13519,0
38728,1
26048,0
9354,0
14602,1
38316,1
40597,0
25714,1
7808,1
24165,0
5384,1
3506,1
20619,0
36485,1
262,0
22381,0
15269,1
14660,0
14010,0
32592,1
626,0
24138,0
29160,0
28157,0
16537,1
30343,1
13875,0
23299,0
27563,1
18509,0
17568,0
18568,1
21448,0
30900,0
2509,0
17438,0
4252,1
9754,0
5826,0
41065,1
34389,1
17312,1
40350,1
7746,0
39069,1
18521,0
20307,0
7556,0
34838,1
27881,0
12022,0
26837,0
25892,1
37154,1
37540,1
40302,1
36061,1
18527,0
40065,1
2449,1
4201,0
38004,1
3106,0
35845,0
35973,0
37906,1
38646,1
21547,0
39319,1
25233,0
39229,0
7620,1
11400,0
37262,1
37770,1
40663,1
30252,1
10754,0
36723,1
14746,1
40394,1
39023,1
18888,0
22236,1
17580,0
25075,0
38472,0
36089,1
23313,0
24015,1
11802,0
16929,0
38462,1
36122,1
16656,1
29669,0
6928,0
27738,1
21120,0
34529,1
16605,0
38350,1
32813,0
13218,1
16886,0
2194,0
29448,0
28924,0
39830,1
32979,0
12680,0
40177,1
9781,0
13560,0
24473,1
26404,0
37667,1
24650,0
26888,0
26751,0
25927,0
12525,0
39719,1
6202,0
37939,1
17351,0
11575,1
39447,1
10374,0
29859,0
39772,1
25986,0
12206,0
31118,1
40877,1
6494,0
40385,1
12346,0
39572,0
35753,0
40466,1
23993,0
30314,1
27836,1
26389,0
20081,0
9330,0
4209,1
21831,0
15728,0
40928,1
6984,0
20030,0
35411,1
36917,1
15777,0
33382,1
34384,0
34718,1
9881,0
35072,1
36660,1
13662,0
30998,0
2088,0
39299,1
30965,1
2444,1
36087,1
31389,0
15121,1
39576,1
37899,0
37332,1
4389,0
38129,0
33716,0
11619,0
29663,0
36164,1
7592,0
37955,1
2026,0
8822,0
27932,1
31944,1
16583,0
37418,1
30233,1
18715,0
14686,1
16213,0
27983,1
40889,1
38000,1
40116,1
29907,0
23385,0
398,0
19594,0
36291,1
39692,1
33818,1
40912,1
10128,0
30047,1
26996,0
9452,0
38892,1
21659,0
37541,0
41130,1
37996,1
5918,0
17871,1
10707,1
38584,1
25483,0
24984,1
30473,1
17555,0
21513,0
28200,0
34781,0
41063,1
34862,0
20475,0
39808,1
10138,0
4356,0
35829,1
4399,0
24009,1
14948,0
12226,0
39471,1
32328,1
12767,1
36606,1
18838,0
40021,1
12843,1
5908,0
36672,1
8059,0
37075,1
14213,0
39869,1
39703,1
39511,1
40358,1
22921,0
25214,0
40015,1
37406,1
4225,0
8502,1
12008,0
28553,0
38942,1
40148,0
8144,0
41122,1
35282,0
36708,1
13024,0
5432,0
23906,0
35030,0
38062,0
36407,1
22529,0
35183,1
40753,1
39385,1
8086,0
36591,1
32004,0
14756,0
40193,1
5779,0
36121,0
12766,1
24405,0
24151,0
32654,1
37807,1
20954,0
8033,0
17533,0
1294,0
7793,1
30470,0
13208,0
2619,0
29596,1
30491,0
33972,1
29488,0
6400,0
30209,1
31697,0
37663,1
35940,0
168,0
41123,1
39875,1
37010,1
33512,0
39355,1
32099,0
14761,0
16569,0
31192,0
38036,1
25300,0
13554,0
2934,0
38508,1
14553,1
22719,0
25853,1
31702,1
6046,0
5799,0
19238,1
16753,0
4005,0
37100,1
17034,1
30301,1
6445,0
28381,1
32985,0
24396,0
33752,1
21999,0
7983,1
40227,1
34426,0
16428,0
13438,1
37611,0
9654,0
3602,0
7550,1
34454,1
12490,0
39296,0
22808,0
12824,0
36909,1
40495,1
36616,1
13760,0
27832,1
569,0
36850,1
34270,0
33318,1
20258,1
19281,1
18121,0
8062,1
29699,0
35413,0
34064,0
12983,1
872,0
34328,1
1446,0
5303,0
35511,0
10676,1
38351,1
7296,0
20410,0
31033,0
28486,1
37008,1
24449,0
36823,1
19199,1
30185,1
36831,1
41124,1
40813,1
41010,1
3866,0
36789,1
22847,0
34903,1
2697,1
6757,0
5400,0
36747,1
121,0
24470,0
23126,0
30172,1
38862,1
11258,0
18912,1
31336,0
19338,0
32638,1
30872,1
16011,0
37675,1
27506,0
12197,0
40212,1
17934,1
38002,1
35469,0
24119,1
5547,0
21540,0
5170,0
10856,0
22998,1
40618,0
32596,0
16262,0
27767,1
11317,1
19584,0
16954,0
9235,0
7011,0
34675,1
38744,1
38373,0
34822,0
39167,1
1227,0
4034,1
2055,0
24811,0
19182,0
5652,1
38770,1
34122,0
37566,1
37848,0
20779,1
26061,0
10363,0
6768,0
38898,1
36301,1
26642,0
39251,1
29844,0
5577,0
34136,1
35630,1
36574,0
28625,1
3661,1
22060,1
18755,0
4787,0
24867,0
15541,0
13269,1
19666,0
27772,1
25031,0
19327,0
20413,1
39088,1
16909,0
15211,1
15081,0
18458,0
30081,1
6859,0
35203,0
27943,1
27866,1
20211,1
7358,0
13281,1
37573,1
40685,1
1265,0
17643,0
8315,1
30162,0
26933,1
37103,1
37818,1
8919,0
745,0
40401,1
14008,0
19372,1
4653,0
40553,1
20381,1
26477,0
14788,1
34088,1
27707,1
21486,0
23808,0
30399,1
10506,0
31010,0
40875,1
40573,1
810,0
31503,1
32834,0
27855,1
12795,0
24130,0
15456,1
11518,0
27790,1
25529,1
9514,0
30001,1
18271,0
12904,1
1352,0
40482,1
38077,1
27295,0
20848,0
27698,1
13403,0
28431,1
23031,0
31891,0
37125,1
22111,0
30585,1
36350,1
38884,1
3542,0
11330,0
6201,0
9275,0
8287,0
30326,1
30048,1
39510,1
2644,0
25975,0
34730,1
22924,0
23417,0
493,0
40391,1
35941,1
32863,1
22468,0
24085,1
13134,1
37582,1
37046,1
37278,0
17244,1
26244,1
38897,1
32931,0
8117,0
34425,1
29985,1
40220,1
38074,1
28314,0
37706,1
5396,0
36404,1
38177,0
39444,1
2132,0
27951,0
39501,1
26067,0
4375,0
24031,1
26692,1
9149,1
22495,0
15379,0
35182,1
26822,0
8263,0
25465,0
36742,1
37027,1
34091,0
22569,0
29676,1
38694,1
32134,1
41049,1
36796,1
34887,1
17806,0
23080,0
28873,1
30450,1
3944,0
13673,0
5162,1
7613,1
38838,1
29329,1
36463,1
23179,0
11641,0
20579,1
40151,1
39642,1
32615,0
39992,1
29101,0
19950,1
1786,0
12163,0
27408,1
39658,1
37128,1
38456,1
38082,1
34094,1
40455,0
4739,0
41004,1
37604,1
11940,0
35942,0
12707,1
8909,0
28843,0
38621,1
40670,1
13175,0
30063,1
23691,0
36173,0
12502,0
19998,1
41033,1
157,0
25587,0
39759,0
38240,1
28392,0
25370,0
31779,0
34670,1
28743,1
40251,1
27734,1
37602,1
34988,0
39972,1
387,0
27178,1
19016,0
34702,0
28878,1
11185,0
38008,1
22791,0
27615,0
24014,1
5804,0
40559,1
39218,1
11416,0
27731,1
41141,1
33866,0
36504,1
2794,0
38844,1
40954,1
2838,0
24103,1
13600,0
2463,0
9239,1
3837,0
30174,1
5281,0
25519,1
9104,0
27924,0
36626,1
28519,1
35626,0
9215,1
19399,0
30329,1
35464,0
26523,1
6113,0
27732,1
28839,1
11490,0
32722,0
9157,1
29739,1
34182,0
38558,1
29981,1
39462,1
16722,1
21655,1
39998,1
3381,1
41097,0
30141,1
34301,1
36062,1
36614,1
16883,0
30292,1
13916,0
37650,1
6897,0
39626,1
39047,0
29913,1
35145,0
27981,0
15586,1
26622,1
37180,0
14728,0
15774,0
22252,0
38590,1
14741,0
17918,1
26652,0
39240,1
41050,1
23367,0
38603,1
32279,0
28017,1
37207,1
37366,0
39441,1
12228,0
23502,0
6990,0
10916,1
26965,0
41100,1
14259,0
28418,1
40787,1
41127,1
37421,1
22615,0
6608,0
22065,0
27854,0
20460,0
25697,0
38337,1
38447,1
39660,1
32891,0
16585,0
22338,1
21111,0
35825,1
25716,0
30544,1
21033,0
11172,1
22269,1
40056,1
28884,0
7933,1
16516,0
28068,1
16018,1
26336,1
30496,1
39453,1
31011,1
18383,0
24038,1
27953,1
30180,1
27416,0
4433,0
39740,1
5383,0
39219,1
17055,1
28805,1
20634,0
21107,0
35524,0
27596,0
9505,0
21147,1
40656,1
39001,0
29510,1
38509,1
35956,1
29937,0
8550,0
19899,0
33507,1
35066,0
37728,0
13505,0
18045,0
17693,0
27967,0
35933,1
17751,0
38041,0
38415,1
16627,1
10421,0
30291,1
17650,0
21803,0
40057,1
26127,0
41027,1
27374,0
37171,1
34607,1
16549,0
83,1
30210,1
40617,1
36347,1
31783,0
36371,1
39835,1
40485,1
37813,1
30220,1
29689,0
20716,0
22412,0
37011,1
40481,1
40036,1
40824,1
39911,1
8025,0
20032,0
34344,0
36693,1
25736,0
1264,0
34868,0
27925,1
41078,1
2433,0
8631,0
27896,1
4575,0
10049,1
39262,1
21950,1
39820,1
39647,0
39941,1
40718,1
40747,1
5780,1
14805,1
6477,0
21560,0
37388,1
7097,0
38282,1
40298,1
18553,1
32733,0
37314,0
18595,0
12142,0
39003,1
30215,1
37414,1
9544,0
10297,1
38582,1
9087,0
41067,0
41088,1
21067,1
11752,1
5856,0
8511,0
12467,1
38930,1
18490,0
8417,1
39623,1
34790,0
9522,0
36738,1
31451,0
36225,1
7032,0
3193,0
31332,1
6817,0
16852,0
13387,0
28123,1
29030,0
14042,0
16354,0
38013,0
28167,1
13011,1
35260,1
37550,1
30189,1
21727,0
12695,0
29824,1
40493,1
39443,1
37555,1
12573,0
13542,1
1670,0
20331,0
27766,1
21211,0
19991,0
12404,0
40820,1
40247,1
14137,1
31102,1
29965,0
4732,0
29595,0
39046,1
18116,1
4851,1
13111,0
38096,1
38421,1
6520,1
39487,1
40460,1
4220,0
33077,0
36804,1
39764,1
30020,1
38069,1
7877,0
13305,0
23159,0
17088,1
16506,0
9302,0
36790,1
28297,1
40475,1
36256,1
39197,1
15695,0
21941,0
35999,1
40332,0
10583,0
13685,1
14592,1
38497,0
40645,1
13,0
7913,0
40028,1
30183,1
1788,0
38333,0
40819,1
18148,0
39691,1
1763,1
14535,0
37223,1
30017,1
6266,0
32018,0
12032,0
31516,0
38347,1
25481,0
40234,1
31904,0
38995,0
36535,0
1819,1
38422,1
3697,1
16621,1
30025,1
35683,0
27458,0
25239,1
37803,1
15317,1
10001,0
8798,0
40746,1
22973,0
7163,0
3677,1
33368,0
20722,1
12479,0
9923,0
40867,1
36278,1
36036,0
36876,0
10428,0
1501,1
41165,1
3264,1
14456,0
37040,1
22993,0
643,0
15410,1
32031,1
7284,0
12329,0
6695,1
38759,1
15771,1
36847,1
38012,1
28741,1
37473,1
21738,0
4781,0
40558,1
38653,1
6737,0
39149,1
14588,0
3939,1
13986,1
35741,0
38386,1
28270,1
39707,1
32258,1
36330,1
23383,0
4614,0
21809,0
36479,1
39548,0
834,0
14397,0
39052,1
18147,1
17878,0
39806,1
16026,0
40544,1
6329,0
35663,1
12023,1
36334,1
28803,0
20206,0
37166,0
8777,0
35896,1
26660,0
26995,0
25698,0
27103,1
40312,1
24061,1
13457,1
8202,0
39579,1
37624,1
32394,0
5626,0
14684,1
27763,1
15593,0
38430,1
25453,0
19967,1
36707,1
25319,0
35819,1
11263,0
29316,0
24958,0
3988,1
21863,0
33294,1
29651,1
34986,0
32730,1
5183,0
38486,1
12235,0
40344,0
40729,1
7164,0
39890,1
12815,0
40741,1
36375,1
24251,0
25146,0
15663,1
40196,1
19359,0
39392,1
35490,0
30695,0
15353,1
23488,0
32217,0
32525,0
37230,1
6038,0
5113,0
35740,0
40715,1
27612,0
19152,1
30364,0
32066,0
28641,1
38396,1
36765,1
13983,1
10402,1
40478,1
40402,1
1279,0
12932,1
29401,1
27292,0
40188,1
33328,0
1384,0
21307,1
5077,0
20707,1
27211,0
3395,1
1430,0
9743,0
18032,0
38270,1
13749,1
4069,0
26047,1
24047,1
37290,1
2821,0
38028,0
36352,1
13148,0
7176,0
15489,1
30277,1
1915,0
31153,0
39601,1
39438,1
30941,1
19248,1
35437,0
14482,1
25230,0
36129,1
2521,0
28574,1
34936,0
38529,1
27829,0
27704,1
36517,1
9856,0
19789,0
35669,0
38491,1
32474,0
38889,1
9835,0
38393,1
469,1
14104,0
28320,0
14117,0
9588,0
40563,1
39030,1
24102,1
11138,0
38367,0
8413,0
6213,1
26303,0
37021,1
36297,1
29051,1
25947,0
34165,1
41025,1
12354,0
38107,1
18854,0
1115,0
28633,1
33367,0
27154,1
38762,0
21285,0
39206,1
36491,1
20404,0
32843,1
27465,1
20100,0
18101,0
36461,1
23886,0
38323,1
34326,0
27745,0
36719,0
35592,0
14810,0
2049,0
4487,0
22368,0
8667,0
30200,1
30118,1
41034,1
36720,1
37603,1
35827,0
27421,0
36584,1
6501,0
14496,0
36721,1
19155,0
11020,1
27852,1
40465,1
18730,0
18339,0
38110,1
38259,1
5898,0
31193,0
7789,0
2555,0
25724,1
26060,1
18981,0
39230,1
4353,1
38671,0
39745,1
18285,0
30628,0
37334,0
40362,1
22957,0
39213,1
29967,1
9555,0
11335,0
37656,0
21645,1
27697,1
31598,0
9516,0
39225,1
18485,1
2421,1
35913,1
4491,0
34120,0
35278,0
8135,1
40564,1
15498,1
8935,0
2329,0
18145,0
31650,0
20813,0
17018,0
880,0
19018,1
20047,0
40083,1
8058,0
34901,1
4408,0
31754,1
14544,0
40942,1
36990,0
40654,0
6083,0
9822,0
3047,1
31258,1
3800,0
4982,1
8394,0
39105,1
14974,0
41174,1
24080,1
10291,0
30152,0
19222,1
37716,1
21783,1
22754,0
33718,1
30724,0
25286,0
27823,1
40866,1
27811,1
2378,0
31885,1
28544,1
33468,1
6784,0
11266,0
4281,0
31436,1
15067,0
30247,1
10441,0
22757,0
15812,0
40638,1
9141,0
39418,1
22128,0
16912,0
39598,1
12755,0
5764,0
20017,0
19759,0
26884,1
33147,0
38515,1
36358,0
31241,1
6655,0
30098,0
37368,1
38643,1
35013,1
40783,1
20715,1
10504,0
37152,1
28254,0
29073,0
16655,1
37310,1
16349,1
13786,0
28336,0
19205,1
7952,1
36980,1
40686,1
39259,1
33692,0
5731,1
17394,0
29970,1
2681,0
8757,0
33612,0
19745,0
25877,0
30330,1
40421,1
9937,0
6678,1
17074,1
39864,1
30311,1
10878,0
37757,1
25962,1
21997,0
40109,1
26071,0
39344,1
39537,1
36611,1
35126,1
36986,1
39110,1
39176,0
1481,0
17991,0
39479,1
20741,0
39138,1
4665,0
23745,0
37997,1
26721,0
37355,1
31673,0
36902,0
30638,1
14528,0
30297,1
3552,0
30132,1
27730,1
40933,1
40801,1
22192,1
32982,0
10418,1
5613,1
38693,1
2905,1
29988,1
37952,1
15452,1
26794,0
36663,1
30134,1
27258,0
12971,1
30548,0
9256,1
30443,0
19103,0
23419,0
37009,1
30316,1
29076,1
38075,1
26615,0
29402,0
23737,0
27483,0
17904,0
20685,0
38510,0
15394,1
1608,1
5904,0
31207,0
14378,0
494,0
40101,1
37801,1
31353,0
6163,0
4741,0
12565,1
8804,1
11937,1
25257,0
23723,0
34487,0
12280,0
36825,1
39488,1
33544,0
21043,1
37972,1
7681,0
16165,1
4921,0
40233,0
40301,1
40032,0
38128,0
16628,0
39337,1
39494,1
4513,0
24429,0
35658,1
39287,1
40616,1
12443,0
10798,0
32032,1
15591,0
23384,0
34065,1
36849,1
37057,0
9065,0
7116,0
36428,1
32083,0
3069,0
6498,0
28114,1
19747,0
10118,0
19245,1
701,0
1946,0
9904,1
12526,1
14640,0
24062,1
8187,0
22872,0
34230,0
5885,0
18090,0
39538,1
5143,0
8114,0
38173,1
39220,1
17944,1
30323,1
17509,1
6149,0
37067,0
30164,0
30283,1
37798,1
39370,1
36945,1
28596,0
31182,1
5870,0
3427,1
15585,0
4974,0
20995,1
36777,1
27903,0
6982,1
3572,0
1445,0
3564,1
26676,1
31902,0
14069,1
39526,1
26337,0
14114,0
33037,0
39328,1
27531,0
4635,1
39503,1
28538,1
1568,0
39892,1
16683,1
37686,1
29371,1
35873,1
20892,0
10613,0
38597,1
19568,0
39530,1
37708,1
29449,0
39419,1
39867,1
9504,0
36756,0
1646,0
2742,0
30270,1
25539,0
38581,0
38840,1
39739,1
28604,1
25948,0
15776,1
37957,1
36656,1
41038,1
31880,0
39661,1
36934,1
33433,1
15238,0
17420,0
37730,1
2543,0
24220,0
832,1
22424,0
28341,0
34523,1
37367,1
40619,1
17126,0
10585,0
14153,1
40781,1
36033,1
35417,0
36233,1
35155,1
35115,1
39741,1
20609,0
39132,1
35395,1
37211,0
2178,0
5312,0
27838,0
14892,1
39185,1
40469,1
40601,1
31829,1
40261,1
38234,1
3073,0
21011,1
17418,1
27802,1
38936,0
32577,0
15938,1
30096,1
18787,1
40201,1
37649,1
23095,0
1164,0
29362,0
14048,0
39615,1
25027,0
5359,0
26406,0
39500,1
40023,1
38550,1
28449,1
30284,1
35414,0
6762,1
24477,0
20593,0
11412,0
32862,1
14919,1
21429,0
15292,0
27619,0
1361,0
40241,1
36700,0
7719,1
37922,1
21378,0
32348,1
8246,1
23743,0
9308,0
24024,1
933,0
18870,0
5107,1
39547,1
41140,1
40419,1
10134,1
14271,0
26877,1
21497,0
5978,1
35187,1
31310,0
36353,1
29969,1
6932,0
29928,0
36807,1
18386,1
39348,1
40596,1
35586,1
40278,1
23741,0
36976,1
36834,0
3716,0
36710,0
34223,0
39223,1
7852,0
39574,1
4057,0
29050,0
28132,1
2713,1
38841,0
37772,0
8747,0
23428,0
10830,0
24341,0
8148,0
40683,1
22507,0
19826,1
35082,1
3453,1
24545,0
36735,1
12584,0
39637,1
15346,1
15416,0
7646,0
19284,0
556,1
29585,0
28589,1
2473,1
28239,0
11590,0
39098,1
24888,1
15741,0
20296,1
17181,1
37272,1
18382,0
23246,0
26569,0
30734,1
18388,0
1375,0
25143,0
2447,0
38796,1
23334,0
36971,1
38723,1
327,0
29468,0
18430,0
15247,1
39733,1
2199,0
35731,0
11100,1
38436,1
10171,1
27306,0
27787,1
33848,0
39960,1
38821,1
8977,1
39932,0
21151,0
12210,0
36034,1
14695,1
12029,1
39163,1
2666,0
26775,1
16635,1
22321,0
41042,1
35497,1
39699,1
23267,1
31142,0
13231,1
24696,0
10124,1
18499,0
36753,1
34224,0
30050,1
20705,1
2285,0
40097,1
30663,0
41032,1
39950,1
20086,0
39221,1
15368,1
40426,1
25842,0
28614,1
28993,0
38828,1
33579,0
10524,0
39053,0
10606,0
24057,1
1121,0
14849,1
19719,0
11532,1
38756,1
41092,1
16884,1
30434,1
40687,0
40651,1
703,0
39552,1
34681,0
11567,1
30019,1
4871,0
32495,1
39837,1
5967,0
19034,0
38024,1
27626,0
39452,1
32578,0
27822,1
2594,0
5857,0
256,0
12214,0
2631,0
6503,0
11861,0
39554,1
39681,1
36809,1
37292,1
21555,0
25767,0
16682,0
18764,0
3174,1
11636,0
1244,0
39734,1
2406,1
10353,1
40155,1
19662,0
1771,0
16112,0
29324,0
38114,1
21556,0
40156,1
30214,0
40556,1
29210,1
35722,1
37645,1
14879,1
17070,1
9566,0
22292,0
35680,0
36981,1
12331,0
27180,0
30176,1
3806,0
37565,1
39153,1
40891,1
28537,0
30803,0
6621,0
132,0
18317,1
31053,1
38026,1
2451,0
38221,1
33451,0
28712,0
15298,0
30568,1
31410,0
37762,1
26188,0
13137,1
10116,0
202,0
38121,0
24378,0
6551,0
28508,1
622,0
25451,0
33217,1
3541,1
39905,1
21789,0
24301,0
30254,0
5675,0
3813,0
24068,1
29172,1
34411,0
15710,1
38457,1
18209,0
18030,0
39463,1
27725,1
26014,0
13543,0
30627,1
16588,1
36872,0
40060,1
16738,0
38656,1
28845,0
26556,0
39440,1
39277,1
28528,0
12066,0
19735,0
16756,0
39750,0
11348,1
34774,0
194,0
29537,0
10456,1
10958,0
20773,1
4167,1
13751,0
40779,1
30158,1
25952,1
5242,0
12564,0
18797,0
37544,1
17805,0
23255,0
40217,0
29735,1
40868,1
38249,1
34597,0
29736,0
27346,0
6728,0
38152,0
15842,0
11936,1
29771,1
40543,1
38571,1
30377,1
4899,1
22045,1
36547,1
27868,1
39334,1
15824,0
40731,1
40347,1
30843,1
37664,1
10603,0
10577,0
9016,0
14995,0
36843,1
19060,1
28488,1
38993,1
856,1
18448,0
4704,0
36894,1
16148,0
13734,1
30418,1
41125,1
37571,1
13189,1
25931,1
6387,0
31599,0
24035,1
20699,0
21677,0
23319,0
30467,1
16704,1
28375,0
4981,0
6004,0
16336,0
13759,0
30417,1
30487,1
35341,0
39065,1
6079,0
34707,0
6605,1
9841,1
24568,0
31705,1
17455,0
9101,1
26908,0
39026,1
30372,1
27430,1
26902,0
20171,1
38562,1
28204,1
39959,1
3485,0
1497,0
38246,1
13583,0
36151,1
37155,1
16057,0
19000,1
38178,1
3438,0
28957,0
16987,0
15644,0
24962,0
15320,0
33218,0
33688,0
40839,1
20887,0
36300,1
35882,1
40714,1
10062,0
29685,0
20967,1
38106,1
1613,1
22423,1
2415,0
38685,1
36130,0
34275,1
39165,0
20320,1
27232,0
28629,1
23722,0
22478,0
33969,0
17543,0
11051,0
37251,1
27063,0
17247,0
4165,0
37498,1
7397,1
10379,0
24056,1
35952,0
38974,1
37448,0
36619,1
33891,0
37951,0
29099,0
36988,1
21737,0
8519,0
13375,0
27784,1
38690,1
35924,1
3445,0
33884,1
22753,0
36676,1
21879,1
31089,1
40688,1
5154,0
17748,0
40962,0
33215,1
39683,1
12315,0
18171,1
26093,0
26535,0
9991,0
17216,1
14529,1
40119,1
25960,1
21170,0
38755,1
7356,0
32482,0
38340,1
4880,1
6346,0
27161,1
33967,0
19488,0
38461,1
7047,0
3217,0
38440,1
12387,1
20664,1
39181,1
35160,1
23076,0
34284,1
25314,1
38726,1
40356,1
32095,0
15816,0
7087,0
38767,1
38448,1
36602,1
39964,1
30702,0
36111,1
36822,1
37287,1
12989,0
12144,0
40085,1
8718,0
7275,0
33236,1
5108,0
35912,1
34992,0
21765,0
41173,1
36329,1
27994,1
23381,0
20761,0
9887,0
13674,0
4766,0
35212,0
38427,1
16889,0
39119,1
13737,1
4742,0
20447,0
27923,1
14309,0
30120,1
31522,0
15497,0
37681,1
6280,1
1684,0
7861,0
36336,1
6217,0
35985,1
17377,1
685,0
1940,0
3566,1
37705,0
15984,0
21912,1
40266,1
39442,0
7599,0
33830,0
40259,1
820,1
17324,0
26566,0
1962,0
35297,0
36487,1
30515,0
35217,0
12798,0
10535,0
19449,1
17291,1
2454,0
29433,0
30437,1
38483,1
14576,1
39236,0
40244,1
21426,0
30021,1
15444,0
6610,0
1010,0
28506,1
17359,1
36219,0
24050,1
1270,0
35380,1
11935,0
3805,0
32959,0
37886,0
28223,1
11626,0
28182,1
3860,0
40223,1
28056,0
25285,0
8799,0
30494,0
3601,0
38774,1
38155,1
41186,1
13223,1
4524,0
676,0
38442,1
21149,0
20539,1
36939,1
12133,1
25269,0
22448,0
30065,1
15917,0
23577,1
4752,1
29795,1
17449,1
33481,1
39697,1
33552,0
21220,0
9416,0
38070,1
27894,0
12458,1
38274,1
37220,1
13131,1
12312,0
7419,1
4886,0
23243,0
14381,0
16603,1
5217,0
25938,0
2645,1
14209,0
9724,0
7009,1
15815,0
20483,1
22355,1
38439,1
6492,0
16698,0
29293,0
8018,0
30383,1
40154,1
40639,1
18288,1
39315,1
9325,0
15325,0
4091,0
29128,0
37104,0
36652,1
29421,1
37146,1
28578,1
27892,1
24694,1
723,0
23073,0
13385,0
9963,0
38136,1
32634,0
39551,1
12627,0
19659,0
24469,1
19617,0
13459,0
39104,1
34673,0
38773,1
37743,1
2219,0
35008,1
38554,1
32639,1
40366,1
40373,1
11588,0
40364,1
12049,0
41116,1
37012,1
9353,0
37805,1
25840,0
39009,1
1980,0
13640,0
12134,0
36985,1
34131,0
20621,1
38709,1
40594,1
33019,0
10996,0
37091,1
40104,1
30150,0
9081,0
10666,0
39828,1
39767,1
2511,0
39728,1
27955,1
32752,0
27765,1
1717,0
4046,0
32029,1
38268,0
21365,0
3183,1
31158,0
40699,1
15895,1
10239,1
36666,1
39305,1
39281,1
11255,1
14465,1
38823,1
34383,1
37575,1
40487,1
12207,0
21988,0
29649,1
7991,0
32659,0
25113,0
363,0
27757,0
8205,0
15782,1
38635,1
40258,1
11663,0
29520,1
8216,0
12305,0
31606,0
36892,0
22097,0
39863,1
18194,0
28598,1
41079,0
4152,1
38718,1
40851,1
15184,0
39852,1
30253,1
15345,1
27878,1
12623,0
21327,0
34973,0
8732,0
29470,0
36268,1
27076,0
13107,0
10080,0
10470,0
13479,0
36424,1
6894,0
36812,0
37522,1
35813,1
39389,1
27748,1
27321,1
40955,1
13841,0
24784,0
41172,1
39879,1
32583,0
30108,0
10254,1
21169,0
2975,0
36010,1
36414,0
36548,1
38896,1
40441,1
9123,0
2763,1
36856,1
24446,0
36108,0
14003,0
1281,0
40145,1
40664,1
19900,0
35322,0
30337,1
40513,1
3284,0
35797,0
22452,1
19973,0
5829,0
37989,1
41003,1
9700,0
14624,0
7949,0
35502,0
40411,1
39307,0
39535,1
22169,0
7475,1
13771,0
25385,1
39087,0
24066,0
41018,1
38566,1
18733,0
29836,0
19176,1
29228,1
30262,0
30105,1
36769,1
40359,1
37683,1
36140,1
9932,0
21063,0
31139,1
38331,1
2102,0
18744,0
16545,0
328,0
1549,0
23139,0
37385,1
12879,0
40265,1
5115,0
33853,0
7135,1
1063,0
1314,0
37360,1
38914,1
32897,0
29972,1
1159,0
27689,1
13101,0
10685,1
5118,0
29229,0
20505,0
130,0
9814,0
36088,1
35998,0
7427,0
10042,0
25994,1
40752,1
30684,0
33280,0
17762,1
3507,0
16970,0
25053,0
39424,1
13871,0
30887,1
17219,1
21119,0
39147,1
12185,0
39531,1
38060,1
26179,0
37704,1
8442,0
11817,0
39944,0
17861,1
38705,1
24352,0
3839,0
37784,0
37591,0
1546,0
36996,0
12123,0
7278,0
14252,0
38095,1
15190,1
36038,1
32278,1
16402,0
7727,1
28520,1
37362,1
24879,0
31613,0
33229,1
31077,0
31652,1
34501,0
39312,1
6629,1
5503,0
19180,0
9866,0
8233,1
27058,0
9315,0
10385,0
40205,0
36160,1
2257,1
27354,0
34410,1
25532,0
19361,0
37019,1
38894,1
36583,1
30845,0
33780,1
38891,0
39454,1
36292,1
39791,1
35584,0
37763,1
39086,1
36467,1
34256,0
8897,1
12122,0
41085,1
37496,0
15781,0
7456,0
37056,1
5351,0
16348,0
27895,1
5247,0
30963,0
39891,1
39407,1
8130,1
31871,0
4748,0
38056,0
24059,1
9705,1
4162,0
31246,1
35247,1
7645,0
7365,0
10788,0
498,0
32993,0
36828,0
14424,1
40240,1
40691,1
29980,1
18200,0
612,0
30139,1
24766,0
22030,0
1862,0
38649,1
39255,1
33723,0
5015,0
27874,1
38689,1
31806,1
10597,0
18753,0
39207,0
27739,0
24268,0
29906,0
40443,1
39398,1
34196,1
33030,0
34624,0
10342,0
11534,0
33568,0
28337,1
24778,1
18230,0
2881,0
28226,0
29944,0
36006,1
33333,0
17109,1
29265,1
30408,1
35447,0
20278,0
34768,0
40874,1
39309,1
1032,0
24211,1
37588,1
34093,1
39340,1
38786,1
40226,1
25192,0
37417,0
38895,1
36272,0
2623,0
3211,0
39386,1
38881,1
29393,1
30792,0
11593,0
30097,1
40203,1
23740,0
16560,1
29097,1
38179,1
37916,1
10756,0
37425,1
7266,1
21425,0
9270,0
30366,1
30397,1
3230,0
39925,1
31816,1
24297,1
36423,1
34665,0
12671,0
11853,0
9907,1
8801,0
38037,1
14219,0
17530,0
34906,1
15814,0
19283,0
37738,1
38242,1
5820,0
29599,0
24491,0
40349,1
1691,1
37374,1
21457,0
38113,1
14408,0
36109,1
33850,1
35493,0
5657,0
40673,1
26629,0
26332,0
37597,1
37219,1
18151,0
37071,1
38975,1
1604,0
7496,0
27713,1
11313,0
16451,1
10973,0
14429,0
28724,1
26110,1
29556,0
1218,0
38116,0
11322,0
13829,0
3377,0
27897,1
36654,1
24604,0
35964,1
25499,0
17033,0
24075,1
32251,0
16265,0
14067,1
39336,1
40163,1
30194,1
30586,1
40048,1
18736,0
24001,1
31184,0
36722,1
28199,0
20643,0
15672,0
17866,0
15891,1
15351,0
26554,0
35614,1
16487,0
30169,0
35634,1
36878,1
23160,1
25279,0
10784,0
5246,0
14046,0
36465,1
38284,1
39013,1
13067,0
14519,0
39561,1
39659,1
15762,1
32106,1
39726,1
34315,1
20333,1
35233,1
9135,0
30119,1
9218,0
36486,1
17401,0
36960,1
24704,0
22088,0
36464,1
16950,0
8746,0
8617,1
15761,1
38089,1
32254,0
34968,1
38775,1
24329,0
37823,1
33361,0
9338,1
1574,0
9028,1
28469,1
26465,1
37788,1
8112,1
32461,0
6221,0
38800,1
30601,1
8965,0
39963,1
12803,1
28124,0
40008,1
38676,1
9196,1
15187,1
40492,1
23779,0
40250,1
33739,0
30406,1
30354,0
30744,1
3113,1
29989,1
37783,1
15880,0
18966,0
5147,0
40721,1
34547,0
36333,1
11765,0
36597,1
24608,0
27587,0
8092,0
28546,1
5793,0
38717,1
17472,0
30184,1
26890,0
17668,0
26342,1
27934,1
37161,1
14690,1
27522,1
37904,1
22711,0
36474,1
13977,1
39400,1
4547,0
6966,0
35068,1
16927,1
36063,1
9556,0
8282,0
1284,0
29782,0
17730,0
24944,1
2481,0
31794,0
11687,0
1350,0
39380,1
25897,0
37029,0
19472,1
19097,1
33704,1
22467,0
6872,0
20631,1
11444,1
6150,0
40994,1
37036,1
19302,1
13620,1
30945,0
40769,1
32500,1
37968,1
25536,0
37480,1
16118,0
39333,1
1655,1
10905,0
39184,1
27657,0
11203,0
6313,0
23314,0
36177,1
15787,1
5023,0
30203,1
15076,0
26319,0
41177,0
12744,0
37982,1
22170,1
25420,1
24116,1
30148,1
36805,1
1462,0
855,0
25216,0
24025,1
3624,0
20303,0
38855,1
9319,0
19011,1
38239,1
28599,1
10131,0
13396,0
32069,0
18027,1
30526,0
20064,0
39254,0
14770,0
20629,1
39,0
37943,0
37416,1
20694,0
23824,0
38300,1
39008,1
39170,1
14022,0
34588,0
1539,0
15533,1
8076,0
28601,1
28530,1
22290,1
37866,0
2064,1
25369,1
34593,1
29833,1
419,0
17035,1
12982,1
11143,0
9974,0
39591,1
8866,1
4482,0
28119,0
36994,1
5684,0
33804,0
37386,1
28136,1
40754,1
14017,0
21722,0
7984,0
5946,0
9524,1
37827,1
39756,1
34359,1
37875,1
14888,1
23572,0
39782,1
14074,1
2731,0
32105,0
30036,1
11556,1
38650,1
39111,1
38548,1
34794,0
27963,1
33429,0
37682,1
25003,0
16733,0
21548,1
37726,1
25970,0
39022,0
13726,1
17093,1
8182,0
10144,1
39352,1
17881,0
39061,1
18986,1
8000,0
14840,0
32374,0
36457,1
30931,0
25271,0
35984,1
36008,1
33591,0
30760,1
27821,1
38318,1
37855,1
39224,1
81,0
37193,1
40428,1
38687,1
16890,0
40132,1
8978,0
39558,1
8423,0
3981,0
10014,0
38521,1
36539,1
21098,0
39124,1
40030,1
38250,0
12046,0
31700,1
30229,0
6488,0
36618,1
28572,1
16191,0
19604,1
28095,0
20401,0
35684,1
37834,1
36604,1
35981,1
28400,1
27904,1
27419,1
33700,0
3539,0
30756,0
37160,1
40717,1
38514,1
15392,0
1215,0
26276,0
35778,0
34092,0
29534,1
38349,1
1194,0
25048,0
29286,1
22717,0
33497,0
39014,1
40461,1
255,0
12753,0
5556,0
39690,1
19265,0
1078,1
32067,0
13843,0
15110,1
36483,1
23759,1
27742,1
38111,1
6967,1
13266,0
33719,1
2842,0
39611,1
19729,0
23127,0
9650,1
37204,1
231,0
14366,0
39519,0
37467,1
37214,1
14278,1
2760,0
40291,1
30133,1
40134,1
26407,0
30728,1
11032,0
30583,0
33940,0
38870,1
31861,0
22936,1
4902,1
29143,0
6278,0
22840,1
25,0
39233,1
19115,1
17585,0
1564,0
26471,0
23158,1
14267,0
38131,0
38937,1
22450,0
14962,0
39796,1
1869,0
28373,1
32107,0
36593,1
40970,1
37397,1
1334,0
36354,1
38184,1
367,0
20495,1
34040,1
30591,1
21272,0
37354,0
24665,0
12445,0
8529,1
16658,1
16737,1
39749,1
12304,0
15384,0
37954,1
28658,0
21207,0
19894,1
19932,1
36397,0
30294,1
11244,1
33010,0
14520,1
25600,0
39103,1
23188,0
2236,0
34187,0
26575,1
30479,0
22616,0
5284,0
35371,1
38867,0
1725,1
10801,0
41001,0
40161,1
7542,1
39212,1
3730,0
5347,1
37257,0
29525,0
40439,1
9495,0
36975,1
37824,0
39042,1
27628,0
14176,0
28169,1
23035,0
14570,0
30030,1
8045,0
2148,0
20184,0
11281,0
2054,0
11603,0
38410,0
39279,1
396,0
3050,0
20690,0
32213,0
2308,0
10997,0
28834,0
5076,0
38644,1
40184,1
22104,0
9792,1
26872,0
33835,0
24963,0
18656,0
16651,0
18812,0
6526,0
14220,1
12382,0
1899,0
39292,1
27580,0
33178,1
2727,0
16204,0
14248,0
24136,0
39491,1
32115,0
187,0
27818,1
20300,0
40940,1
25014,0
1671,0
38146,1
6473,0
10283,0
39893,1
30112,1
11066,0
15265,0
38824,1
37760,1
38564,1
20018,0
5778,0
15289,0
12480,0
14631,0
35486,0
13755,0
24034,0
2424,1
16483,0
36566,1
40014,1
37644,0
6001,0
33746,1
40399,1
37829,1
20421,0
24846,0
10158,1
40229,1
19935,0
26590,1
21683,0
5677,0
22526,0
11230,1
27099,1
38416,1
31981,1
7652,1
9364,0
17749,1
31467,1
22416,0
29109,0
40660,1
11633,0
5683,0
24902,1
27736,1
15949,0
37572,1
8968,0
5435,1
38212,1
31236,0
18997,0
28928,0
40740,1
32102,0
37914,1
39057,1
39021,1
28395,0
34753,0
38698,1
38804,1
16290,0
3501,0
28302,0
38058,1
40377,1
35419,0
28427,0
31870,1
22689,0
38289,1
9668,0
40463,1
36488,0
38704,0
9200,0
15740,0
39566,1
19646,0
29460,0
29146,0
37882,1
9313,0
27394,0
39827,1
20181,0
34170,0
41040,1
28389,0
40275,1
35303,0
26029,1
19001,1
18905,0
14345,1
22463,0
39517,1
37311,0
11194,0
37625,1
10494,0
15415,0
30595,1
28819,0
17044,1
40054,1
3140,0
20632,1
35905,0
40208,0
8992,0
1850,0
8870,0
32664,1
19300,0
24087,1
40978,1
7289,1
15088,0
11933,1
25740,0
39996,1
20481,1
39556,1
37626,0
19437,1
18245,0
3329,0
24792,1
30723,1
8817,1
34611,1
36803,0
5505,0
1417,0
40348,1
27166,0
29486,0
27307,0
20657,0
20863,1
15689,0
36490,1
38782,1
19148,0
2245,0
15994,1
39080,1
36296,0
23003,0
39481,1
28864,0
24048,1
15661,0
26614,1
6883,0
37495,1
20584,0
19303,0
38764,1
4904,1
13757,0
39199,0
40622,0
3693,1
2436,0
26311,0
23558,0
30069,1
18263,1
40115,1
35750,0
37905,1
22317,0
84,0
20400,0
4522,1
37870,1
33868,0
10434,0
39078,1
11742,0
39150,1
30879,0
15029,0
35299,0
27181,1
26265,1
1494,0
13412,0
30576,0
36478,0
11042,0
21265,0
40351,1
1188,0
23008,0
39973,0
17757,1
23653,0
34799,0
20489,0
879,0
15194,1
9307,0
8958,1
39144,1
25782,0
11578,0
38445,1
39112,1
27254,0
36470,1
37005,1
14099,0
40490,1
14240,0
15462,0
40108,1
24841,0
30175,1
17347,0
2795,0
15908,0
38878,1
40943,1
24642,0
10932,0
10107,0
36469,1
22420,1
39724,1
18374,1
39476,1
37642,0
12750,0
27828,0
10710,0
7672,0
40704,0
36683,1
20555,0
28591,1
9002,0
20287,0
8955,0
39666,1
34964,0
23569,1
31378,0
18355,0
34620,1
40855,1
16078,1
29926,0
29164,0
34429,0
21167,0
38330,1
20036,1
40768,1
29280,1
13799,1
37465,1
24069,0
33654,0
16385,0
37238,0
2221,0
40414,0
6018,1
30640,0
35548,0
37453,1
31932,1
28826,0
15861,0
1082,0
40941,1
10061,1
6870,0
24788,1
23477,1
11351,0
13120,0
28141,0
31984,1
34742,0
32511,0
28003,1
11158,0
41148,1
39239,1
3615,0
11763,0
39040,1
37232,1
27113,0
36178,0
40164,1
28582,1
33747,1
12804,0
37277,1
39674,1
31068,0
8278,0
15077,0
26224,0
24086,0
10861,0
6080,0
135,0
23311,0
33491,1
39900,0
40480,1
29566,1
39755,1
20449,0
38402,1
27692,0
31807,0
30202,1
31817,0
36712,1
31263,0
39115,1
34043,0
34737,1
28499,1
579,0
33921,0
5638,1
32814,1
37393,1
6104,1
300,0
4070,0
38565,1
31997,1
12385,1
40514,1
13925,1
35504,0
37403,1
9198,0
14154,0
34376,0
27911,1
27167,0
3934,0
20230,1
37994,1
13779,0
24972,0
38959,1
6961,0
19521,1
17732,0
36739,1
34905,0
39716,1
15751,0
36385,0
31735,0
26812,0
10037,0
38807,1
28277,0
20308,1
37559,1
21100,1
39711,1
28680,0
27305,0
36820,1
1381,0
19610,0
36052,1
39189,1
29253,0
6616,0
40175,1
36952,1
34102,0
34698,0
21805,0
38633,1
38419,1
36540,1
38695,1
15935,1
18587,1
1256,1
38346,0
9658,0
40652,1
36341,1
27017,0
16257,0
29766,0
39074,1
39693,1
11012,1
32267,0
3979,1
22917,0
21557,0
35236,0
40284,1
38652,1
32899,0
28989,0
40659,1
38257,1
39608,0
28156,1
20467,0
16706,1
15294,1
38885,1
12891,0
19247,0
37830,1
17217,0
4363,0
11747,0
28866,0
7095,1
26956,0
36759,1
24928,1
21931,1
37889,0
36530,0
33913,1
23608,0
36541,1
28407,1
24450,0
38972,0
36763,1
6989,0
1068,0
5760,0
5424,0
40584,1
24904,0
6531,1
36873,1
40780,1
39849,1
11716,1
22421,1
28350,1
35800,0
21493,0
37363,1
39589,0
40672,1
8824,0
38398,1
34067,0
28881,0
39451,1
25367,0
38411,1
19845,0
12557,0
21187,0
30411,1
36074,1
21698,0
32881,1
5803,0
5428,0
31552,0
33833,1
38813,1
27537,0
37627,1
33221,1
9636,1
20977,0
30805,0
32433,0
37723,1
37800,1
19739,0
38570,1
30432,0
36715,1
33472,0
24230,0
6138,0
33564,1
39226,1
37871,1
18014,0
7162,1
37169,1
25686,1
4441,0
37925,1
38327,1
33060,1
20521,0
21791,0
29620,0
2469,0
30884,0
30186,1
18115,0
35833,1
1189,1
37751,1
31566,0
30227,0
14382,1
7081,0
31867,1
36481,1
26938,1
3219,1
11305,0
37984,1
34391,0
30458,1
27782,1
5645,0
22929,0
38085,0
13807,1
4130,0
33939,1
30288,1
18326,1
11968,0
6362,1
35742,0
40192,1
22800,0
38057,1
6226,0
8145,0
28780,0
41000,1
8399,0
29255,1
17496,0
15998,0
39448,1
19868,1
39178,1
15531,0
40734,1
1860,0
40046,1
18970,0
7486,1
25981,1
36498,0
24960,0
24721,0
34976,1
31583,0
28617,0
11048,0
22513,0
13258,1
693,0
4527,0
37720,1
24101,1
27970,1
40202,1
13826,0
23504,1
11147,0
28606,0
28795,0
40784,1
8673,0
38722,1
36560,1
36146,1
36068,0
37127,1
16792,1
25448,0
38046,1
18174,1
14787,1
19795,0
13372,0
87,0
21298,0
2294,0
39298,1
30303,1
35352,1
39515,1
36937,1
22531,0
40502,0
11986,0
40467,1
14262,1
38395,1
2108,0
37002,1
36240,1
35270,0
40279,1
32720,1
35316,1
38655,1
14830,0
34816,0
17723,1
32193,0
30138,1
7842,0
8236,0
40674,1
4164,1
31814,0
30424,1
40952,1
34652,1
4551,0
20789,0
12487,0
25485,0
39794,0
36421,1
40418,1
34854,0
39209,1
38901,1
30046,1
13051,0
36337,1
23330,1
11222,0
19605,1
31338,0
12481,0
21101,0
6070,0
27870,1
29116,1
23629,1
38006,1
28467,1
14867,0
30934,0
39183,1
8090,0
8542,1
26767,1
39159,1
41013,1
3574,1
23368,0
40738,1
37438,0
11469,0
40376,0
4133,0
36749,1
40700,0
23257,1
30727,1
23015,1
8567,0
1868,0
2707,0
39365,0
10750,0
39320,1
39915,1
38444,1
39985,1
5295,0
14084,0
23526,0
37578,1
40149,1
19569,0
26257,0
17364,1
1440,0
38148,1
19999,1
21740,0
22498,0
20606,0
34632,0
11300,0
33149,0
39569,1
35879,0
39955,1
28696,1
10284,0
16922,1
39118,1
38810,1
28076,0
30223,1
32790,1
37126,1
21105,1
39465,1
40929,1
28644,0
39234,1
39160,1
36926,1
19670,1
15053,0
35098,0
15126,1
40907,1
35243,0
19043,0
26434,0
8705,0
6947,0
26930,0
38480,1
38162,0
40236,0
20504,0
26931,0
2315,1
35858,1
17795,0
33802,0
40774,1
29349,0
38802,1
35766,0
38692,1
38053,1
10562,0
26376,0
26449,0
33386,1
24985,1
40287,1
37673,0
11417,1
36870,1
28413,1
35015,0
35312,0
40900,1
40325,0
34506,1
3774,1
40880,1
36412,1
5911,0
16183,1
27007,0
41171,1
23472,0
30402,0
16861,0
30973,0
14315,0
28338,1
4293,0
31998,0
35560,0
17090,1
17525,0
27517,0
27685,0
15830,1
39866,1
17808,1
36362,1
30977,1
30401,1
13727,1
486,0
36410,1
16835,1
31590,1
6853,0
30393,1
6535,0
19378,1
28357,1
37579,1
39927,0
31404,1
2744,1
2856,0
38751,1
29048,0
8636,0
39702,1
17535,0
4652,1
21744,0
32599,0
37661,1
6644,0
7738,0
28145,0
35689,0
19960,0
36050,0
30729,1
8350,1
27067,0
16355,0
28308,1
26792,0
39844,1
41134,1
26050,1
24096,1
38362,1
40975,1
18866,0
30584,0
39198,1
40722,1
22210,0
30875,0
8141,0
17274,1
38451,0
41061,1
21112,1
27594,0
11403,0
31307,1
129,1
2700,0
28380,1
4961,0
19022,0
39753,1
16437,1
27227,0
26762,0
11209,0
9298,0
38228,0
27062,0
36607,1
13027,1
33425,1
1945,0
36531,1
38450,1
15514,1
39084,1
5622,0
10076,1
17144,0
26850,0
28260,1
38911,1
38551,1
38453,1
22062,0
11488,0
29171,0
35258,0
36242,0
38561,1
40771,1
39513,1
30235,1
14596,1
40476,1
33438,1
39650,1
38572,1
38105,1
286,1
27030,0
15581,1
35234,1
35832,1
5152,0
30704,0
39095,1
19376,0
38446,1
37353,1
31532,0
25098,0
30131,0
32932,0
39802,1
36665,0
14874,0
31634,0
22014,1
3980,0
20472,0
40980,1
27876,1
34428,1
28312,1
39876,1
29655,1
14113,0
26515,1
37004,0
16374,0
20549,1
6844,0
12876,1
14803,1
30555,1
3529,0
36506,1
36982,1
41119,1
8858,0
20126,0
16541,0
38743,1
25777,0
40648,1
8087,0
41007,1
35719,0
19626,0
39475,1
19253,1
18260,1
13056,0
38856,1
35606,1
20749,0
18541,0
32191,1
20953,0
39588,1
38047,1
2111,0
37492,1
40836,0
4609,1
39405,1
38211,1
11622,0
19039,1
40273,1
30300,0
39016,0
20407,0
30414,1
40363,1
13646,0
3254,0
30501,1
27402,1
37478,1
3535,0
7006,0
40262,1
36497,1
8900,0
6466,1
29049,0
1053,0
30218,1
39387,1
35838,1
39539,1
37509,1
31510,1
22204,0
13531,1
32762,0
24100,1
24723,1
3894,0
27935,0
37702,1
38288,1
28734,0
30342,1
39663,1
23231,0
40127,1
32704,0
8314,0
21102,1
39746,1
37259,1
15466,0
23357,1
16390,0
41160,1
8578,0
3130,0
14410,1
33154,1
25566,1
13548,0
4799,0
37163,1
18788,0
15010,1
25923,0
38428,1
9447,1
15598,0
36210,0
16335,0
15562,0
16891,0
26450,0
36209,0
30599,1
24930,1
38839,1
40797,1
40981,1
21144,0
35920,1
32078,0
40483,1
24037,1
1345,0
38490,1
29682,1
20124,1
40336,1
10184,1
39211,1
9848,0
19448,0
5260,0
9368,0
5257,0
35972,1
37068,1
11552,1
19717,1
35438,1
34610,1
38715,1
10655,0
12633,0
38886,1
40751,1
33666,1
14625,0
6427,0
39573,0
28901,0
23204,0
30913,0
26254,0
4576,0
18255,1
31988,0
27801,0
39411,1
32196,0
10162,1
30748,0
27807,1
15450,1
15204,0
19268,0
20783,1
37293,1
3090,1
34634,0
26334,0
5186,0
27941,1
36525,0
870,1
40191,1
14755,1
38199,1
35424,1
37198,1
8808,0
22786,1
30593,1
38547,1
13700,1
38708,1
8248,0
40387,1
32866,0
22573,0
37407,1
23563,0
1954,0
9410,0
7308,0
17979,0
539,0
30022,0
35892,1
29407,1
2550,0
7460,0
15866,1
18989,1
25810,0
18927,0
11653,0
33291,0
23492,0
26310,1
28994,0
14958,0
37395,1
22150,0
13956,1
16427,0
40178,1
9785,0
39272,1
22376,0
38260,1
39899,1
4546,0
18331,1
3600,0
38594,1
37679,0
10299,1
15587,0
19678,0
11052,0
13789,1
40799,1
40329,1
39019,1
22106,0
35559,1
39541,1
8599,1
41142,1
40294,1
39342,1
39145,1
16237,0
36668,0
4545,0
38591,1
38276,1
40049,1
3825,0
41151,1
39313,1
34405,1
23041,0
12264,1
36888,1
36758,1
6983,0
40431,0
29952,0
9943,0
40446,1
9852,1
19748,1
15564,1
12532,0
38185,0
35097,1
23949,0
36236,1
4366,0
3468,0
24717,0
31335,0
40117,1
13887,0
3734,1
36766,0
793,0
28990,1
17608,0
22166,0
24121,1
12433,1
22395,0
2777,0
23032,1
38688,1
35929,0
27769,1
32075,1
38020,1
19962,0
35245,0
1225,0
30614,1
40759,1
24327,1
14987,0
18557,0
37133,1
40165,1
38151,1
10829,0
12721,0
7924,0
30904,0
39414,1
7100,0
41178,1
33606,0
33013,0
26115,0
37307,1
6538,0
23802,0
24044,1
40828,1
31136,0
25972,0
40976,1
36794,1
27813,1
39208,1
28482,1
27890,1
38403,1
39478,1
6896,0
27758,1
39485,1
40289,1
17424,0
5370,0
37880,1
42,0
23261,0
7717,1
5619,1
22497,1
24072,1
38805,1
27183,0
39962,1
37094,1
19439,1
10564,0
4027,0
3607,0
29087,1
40507,0
38778,1
39232,1
31144,0
12428,0
29986,1
38707,1
35674,0
15429,1
22487,1
16207,0
38579,0
31884,0
28587,1
8295,0
40643,1
22479,1
32642,0
30732,1
38761,1
36468,1
38115,1
17939,0
19507,0
30302,1
27754,1
40062,1
40458,1
13431,1
7352,0
36923,1
37960,1
21871,1
7348,0
30936,1
30274,1
32378,0
39982,1
6413,0
40785,1
38404,1
21801,0
10544,1
25783,0
29822,0
23203,0
12291,0
23312,0
32948,0
31521,1
27569,1
1368,0
15044,0
32289,0
29346,1
18323,0
17744,0
15113,0
10928,0
30619,1
13394,0
5259,0
18777,1
37345,1
27921,1
22767,0
30928,0
13958,1
19969,1
3892,0
27721,1
25545,0
27083,1
39970,1
34945,0
20238,1
21680,0
2075,0
38503,1
33695,1
24705,1
17591,0
40093,1
36462,1
27753,1
20677,0
33760,1
19195,0
39120,1
19625,0
23019,1
36991,1
6901,1
23147,0
22884,0
15677,0
31913,0
28841,1
27853,1
37282,1
23946,0
39804,1
21166,0
16322,1
2180,0
10704,1
28934,0
504,1
12332,0
32603,0
9987,0
39738,1
24840,0
30299,0
37680,0
11784,0
9956,0
36299,1
2281,0
30236,1
18224,1
35855,1
21186,0
11276,0
28595,1
39845,1
14428,0
14941,0
39137,1
4999,0
41126,1
35555,0
27869,0
27236,1
40703,1
33252,0
36512,1
33369,0
9572,1
20526,1
40735,1
39024,1
37953,1
38005,1
11450,1
38232,1
4967,0
16522,1
3384,1
6717,0
32969,0
267,0
37942,1
33116,0
39583,0
14864,1
1442,1
29588,1
27827,1
25044,0
40786,1
39586,1
213,0
31564,0
39776,1
22766,0
37312,1
25477,0
28489,1
21399,0
36316,1
14848,0
27958,1
28543,1
38452,1
26511,1
13217,1
41114,1
9440,0
13046,0
6096,0
39066,1
39853,1
15759,0
36748,1
32769,0
39484,1
34860,1
33786,0
15854,0
25871,0
7424,0
38794,1
34541,0
12797,0
182,1
22073,0
12038,0
19244,0
40996,1
19401,0
12189,0
24147,0
27231,0
4479,1
27810,1
16036,0
38938,1
32967,0
24485,0
5112,1
36569,1
17083,1
2994,0
38679,1
8437,0
12878,1
37168,0
38208,1
39286,1
82,0
34911,0
19475,1
30198,1
15469,0
8085,0
36983,1
13427,0
24016,1
10480,0
40239,1
30145,0
36054,0
40852,1
28406,1
20733,1
37745,1
12326,0
32303,0
35117,1
31463,1
35821,0
35969,1
16198,1
37831,1
23616,1
24859,0
38488,1
38651,1
38569,1
39718,1
35333,0
20788,1
23113,0
21813,0
40061,1
38329,0
24042,1
40293,1
22083,0
18947,0
38360,0
33191,1
6697,0
1451,0
10977,1
39906,1
22114,0
27289,1
39403,1
39238,0
16050,0
28168,1
35840,1
16154,1
6164,1
38407,1
31070,0
40105,1
38231,1
10332,1
14351,0
36328,1
16012,0
6341,0
27746,1
21747,1
15399,0
39954,1
14785,0
37911,1
37260,1
39194,1
15658,0
34996,1
7920,0
30003,1
19185,1
25528,1
37122,1
34147,0
15130,0
6783,0
21917,0
7409,0
19536,0
17313,1
23982,0
30041,1
35764,0
38931,1
37594,1
36600,1
39708,1
4608,0
37890,1
12806,1
40872,1
1926,0
37887,0
26317,1
28513,1
15772,0
20907,0
17264,1
40844,1
28224,0
4240,0
6440,0
28531,0
16337,1
3969,0
19133,0
31422,0
14222,1
22949,0
19005,1
15642,1
12857,1
11755,0
26142,0
35979,1
29025,0
27710,0
13735,0
28958,0
34375,1
30841,0
28387,1
29225,1
31665,1
26551,0
9682,0
40281,1
40777,0
14313,0
34371,0
30076,1
22358,0
774,0
29741,1
36197,0
32092,0
40792,1
40973,1
28956,1
14821,1
11787,0
29641,0
9624,0
21742,0
35275,0
33057,0
39907,1
40706,0
14307,0
310,0
36092,1
16671,0
29804,0
36682,1
15445,0
2392,0
27043,0
37339,1
8443,0
32692,0
35777,0
2488,0
33080,1
19323,1
31442,0
10187,0
28352,1
20431,0
37457,1
30454,1
9730,0
10350,0
13594,0
8247,0
39051,1
24440,0
38356,1
4110,1
9542,0
18949,0
39456,1
35522,0
11652,0
11523,0
7520,0
40368,1
36264,1
39408,1
1219,0
34596,1
36305,1
13276,1
3670,0
30721,1
21818,0
19119,0
20756,1
22716,0
33996,0
5972,0
22168,0
39848,1
39490,1
36325,1
41083,1
28522,0
40473,1
16805,0
33277,0
34797,0
22157,1
21066,1
17296,1
39639,1
4600,0
9481,0
14789,1
15215,1
13471,1
17253,0
12025,0
37648,0
3590,0
28404,1
17073,0
35010,0
38465,1
12039,1
33303,0
30082,1
15376,0
37191,1
25746,0
32406,0
36355,0
21183,0
19442,0
39834,1
24118,1
9562,0
32046,0
10212,0
12856,0
9204,1
32872,1
30829,0
9390,0
35189,0
16932,0
41089,1
33749,0
29866,0
35939,1
30135,1
18295,0
38175,1
3922,0
40345,1
3275,0
8430,0
36321,1
11526,0
37538,1
29820,1
12012,0
12057,1
34595,0
20280,0
781,0
18961,0
38071,1
33515,1
37209,1
36944,1
4265,0
31824,0
31218,0
38990,1
19276,1
34762,0
23404,0
38538,1
38345,1
36772,1
35109,0
7817,1
40854,1
37411,1
37601,0
39116,1
11639,0
34721,1
38455,1
21048,0
40511,0
27484,0
28185,0
26363,1
40249,1
39423,1
7082,0
38190,1
13485,0
21932,0
22576,0
38552,1
16917,1
17760,0
34724,0
36751,0
30124,0
14257,0
40199,1
38780,1
28635,1
18031,1
13370,0
14783,0
23295,1
7980,0
11381,0
21814,0
36237,1
40869,1
28069,0
14884,1
33502,1
28697,0
17009,1
10582,0
39868,1
27971,0
35883,1
26318,1
26394,1
40073,1
3658,0
13068,0
16966,1
30490,1
38989,1
18908,0
22848,0
11896,0
27220,1
21541,1
40295,1
39754,1
13286,0
1108,0
30028,1
37461,1
37408,0
39125,1
39246,1
33660,1
39089,1
13122,0
40517,1
38697,1
16639,0
14409,0
34255,0
34213,1
27684,0
31147,0
18325,0
39803,1
19979,1
38716,1
33774,0
40123,1
5449,0
35130,1
5492,0
39939,1
7306,0
30860,0
28054,1
23782,0
15128,1
5818,1
30060,1
28349,0
11070,1
24041,0
11274,1
10981,1
21194,1
38593,0
490,0
33453,1
22536,1
35031,0
39958,1
33174,1
31398,0
7994,0
13433,0
39997,0
10979,1
13595,1
1055,0
12809,1
17178,0
37249,1
38001,1
28214,1
39821,1
37274,1
39854,1
25832,1
29809,0
3208,0
35408,1
947,0
29180,1
39581,1
39649,1
13073,0
27795,1
40627,1
26666,0
40335,1
21534,0
39275,1
36743,1
27825,1
37849,0
25356,0
37316,0
14828,1
38893,1
32270,0
35305,0
17914,0
13879,0
30207,1
35839,0
732,0
40542,1
22740,0
41030,1
34330,1
7093,0
38793,1
67,0
35348,0
31711,1
38776,1
12686,0
10157,1
40870,1
29711,1
7411,0
40725,1
28347,1
9794,0
1337,0
5431,0
40395,1
2508,0
34202,1
7814,1
39714,1
26932,0
27824,1
34949,0
32094,0
19121,1
18038,0
36250,1
36576,0
16920,1
24137,0
21728,0
29681,0
529,0
39731,1
37769,1
9212,0
29808,1
22899,0
40042,1
25901,0
33413,0
3180,0
35181,1
19047,0
26691,0
28723,0
37926,1
6197,0
27898,1
27361,0
9901,1
36788,1
39396,1
30219,1
35077,0
23350,0
40200,1
17970,0
24028,1
40138,1
33908,1
39409,1
24971,0
32062,0
12169,0
644,0
38740,1
16895,0
6633,0
34273,0
18395,1
21018,0
37695,1
19657,1
23615,0
4791,0
9559,0
36760,1
19024,1
15472,0
38191,0
30428,1
35871,1
12212,0
5083,0
27737,1
38083,0
24094,1
22976,0
8426,0
20524,1
32585,0
6881,0
36907,1
34329,0
14569,0
2685,0
18863,0
39216,1
21035,1
39977,1
40470,1
11535,1
13129,1
27047,1
39881,1
39883,1
23998,1
34024,0
32101,0
40588,0
8355,1
33127,0
11430,0
34018,1
15087,0
16058,1
5919,0
40937,1
37700,0
15674,0
40452,1
41138,1
739,0
34813,0
28045,0
3110,0
33599,0
8007,0
26512,0
7552,0
39605,1
32853,0
4720,1
7831,0
36601,1
34960,0
11529,1
6303,0
30838,1
40144,1
38831,1
25996,0
18347,0
28793,0
3091,0
39880,1
29482,0
14177,1
4494,0
11345,1
3181,0
14769,0
27366,1
1809,1
40762,1
29998,1
5643,0
33637,0
1692,0
802,0
20759,0
18536,0
31137,0
19179,0
34767,0
33256,0
13820,1
8427,0
4573,0
27917,1
39445,1
8172,1
17199,0
34502,0
3333,0
27805,1
32818,0
32573,0
15557,0
1303,0
40671,1
10851,0
38348,1
38124,0
39534,1
28412,0
39498,1
25958,0
5452,0
31978,0
8826,1
37713,1
27919,1
25181,0
14773,0
6082,0
6918,0
21842,0
37687,1
39394,1
15048,0
6459,0
39723,1
1485,0
1525,0
7881,1
30056,1
30268,1
32317,1
40624,0
39174,0
21420,0
29774,0
30153,1
17237,0
31013,1
12455,1
11271,0
24017,1
11283,0
34948,0
17117,0
33164,0
17725,0
27620,0
39020,1
28781,1
40509,1
40380,1
35049,1
40417,1
27565,0
20975,1
11733,0
10207,0
14502,0
4856,0
38325,1
10125,0
23932,0
9630,0
8009,0
15902,0
30542,1
16253,1
12461,1
10051,0
16461,0
40230,1
27250,1
38899,1
2341,0
17846,0
36448,1
27081,1
23536,0
32,0
35385,0
1632,1
31841,0
3419,0
41110,1
19209,1
18652,0
24845,0
28726,1
27873,1
40420,1
38946,1
36709,1
3244,0
18602,1
40124,0
39268,1
25161,0
6916,0
30535,1
37666,1
19522,0
12129,0
39048,1
27082,1
36170,0
24793,0
15511,0
39542,1
33645,0
11795,0
15566,1
15214,0
4555,0
7346,0
36258,1
16648,0
11886,0
5363,1
35643,1
39797,1
38495,1
24212,0
25501,0
13235,0
39148,1
39421,1
39449,1
5636,1
38432,1
37789,1
7819,1
7897,0
13287,0
28340,0
40194,1
28495,1
23658,0
25811,0
28676,1
21517,0
27160,1
15987,0
11388,0
40296,1
27922,0
15912,1
37433,1
37281,1
40187,0
27759,1
33509,0
40494,1
10188,0
30505,0
27357,0
36958,1
35017,1
31180,1
18848,0
24590,0
9350,0
22079,0
34071,0
37361,0
17823,0
40231,1
7664,0
38573,1
7654,0
1233,1
30558,0
40690,1
4710,0
6437,0
24033,1
39329,1
40755,1
31294,0
30610,1
21103,1
40898,1
18686,0
25664,0
40574,1
32288,1
36391,1
38777,1
39851,1
24518,0
30234,1
18701,0
29202,1
3925,0
17799,0
33416,1
3744,0
11200,0
6993,0
38750,1
39523,0
40158,1
38389,0
38882,1
39575,1
282,0
20378,0
9276,1
31407,1
8608,0
13978,1
24550,1
35834,1
33588,0
19686,0
40924,0
6738,1
21672,0
30368,1
946,0
40675,1
22841,0
37145,1
38319,1
28246,1
5048,0
29611,0
37688,1
26774,1
38324,1
29994,1
35167,1
15155,1
21998,1
40317,1
28732,1
8360,1
12322,1
38745,0
26226,0
39871,1
38117,1
41014,1
30360,1
34053,0
40599,0
41117,1
28511,1
13764,0
32668,1
15725,1
2482,0
19333,0
628,0
18554,0
37265,1
19599,0
19752,1
29686,0
28554,0
37218,1
34474,1
37714,0
30365,1
36438,0
36267,1
37752,1
13551,1
22824,1
37863,1
4769,1
23482,0
5393,0
38748,1
38700,1
33556,0
39412,1
8775,0
8528,1
9910,0
15291,0
2779,1
1041,0
36905,0
35880,1
14380,0
28808,0
40677,1
6541,0
13354,0
32300,1
39156,1
21017,0
10052,0
18034,0
9673,0
11459,0
7828,0
39323,1
24620,0
33676,0
14763,1
18211,0
27952,1
18403,0
37610,1
3114,0
4350,0
13460,1
29494,0
14561,0
30238,1
3608,1
25109,0
26532,0
33046,1
8607,1
41121,0
8979,0
5459,0
41006,1
38438,1
1348,1
25447,1
27819,0
36523,0
21618,0
7288,1
8918,0
9178,0
20503,0
39171,1
26592,0
40960,1
40454,1
37903,1
9255,0
2687,0
17016,0
31553,0
37231,1
37352,1
12298,0
12653,0
7099,0
16685,1
40646,0
40004,1
16796,1
12177,0
25692,1
23409,0
9009,0
40357,1
23557,0
30197,1
30149,1
27238,0
18422,0
19308,0
39379,1
6648,1
1090,0
19829,0
21715,1
32581,0
34918,1
36440,1
37577,1
38808,1
12139,1
40210,1
40818,0
36248,1
38686,1
13569,0
39565,1
37758,1
799,0
13452,0
12605,1
26524,0
37400,0
31130,0
4471,0
21459,1
38182,0
35207,0
5863,1
39774,1
30004,1
40662,0
6528,0
19453,0
36810,0
4140,0
12476,0
27060,1
28628,1
9042,0
29068,1
36613,1
14178,0
33503,1
15822,1
40276,1
38355,1
37121,1
17606,0
37998,1
29546,1
27729,1
28856,0
39321,1
4872,1
21892,0
38108,0
35754,1
32225,0
29031,1
38819,1
32569,0
39290,0
20422,0
20187,1
24348,0
22991,0
27916,1
30861,0
37782,0
36824,1
20548,0
31244,0
35843,1
5850,1
3433,0
21944,0
36116,1
27733,1
28521,1
11980,0
26016,1
37913,0
12451,0
9376,0
31273,1
5017,0
37551,1
37235,1
19933,0
34254,0
9840,1
26180,0
39196,1
40920,1
39818,0
25735,0
4860,0
36152,1
34899,0
9018,0
5512,0
35106,1
9585,1
39613,1
33633,0
37853,1
24223,0
25346,0
38426,1
30055,1
14736,0
6108,0
5027,1
30263,0
35554,1
30345,1
36586,1
29254,0
30264,0
34991,0
1472,0
3163,0
16275,0
34430,1
28042,0
18154,1
4523,0
40409,0
1163,0
8179,0
22797,0
40932,1
20812,0
24400,1
9225,0
25471,0
30929,0
31367,1
19691,0
15382,0
30040,1
8829,0
37394,1
10786,0
38539,1
36562,1
39657,1
36661,1
3200,0
339,0
23134,0
23580,1
28117,0
2275,1
22647,0
27724,0
391,0
19478,0
9432,1
19550,0
27945,1
2570,0
20160,0
40449,1
16343,0
34174,0
27880,1
28192,1
25567,1
34667,1
26062,0
39763,1
25804,0
36495,1
28446,0
40135,1
7177,0
2330,1
29019,0
10034,1
36501,1
39260,1
27803,1
13497,0
37850,1
10963,0
41132,1
40225,1
20239,0
22234,1
25852,0
30451,1
32645,1
33103,0
40367,1
28434,1
38417,1
26246,1
19528,1
10205,0
24112,0
34205,1
29480,0
12506,1
39472,1
6368,0
20451,1
36436,0
15634,0
25916,0
16867,1
36955,1
19585,0
32555,0
40125,1
38967,1
35862,0
31224,0
28701,1
37280,1
15093,0
2536,0
36883,1
40450,1
35931,1
8323,0
20933,0
20349,0
10399,0
26992,0
38691,1
10215,0
25637,1
39010,1
39504,1
25693,0
11225,0
12468,0
7524,0
7723,0
24363,0
37536,1
36702,1
16031,1
23971,0
13693,0
6880,0
14571,0
25766,0
27726,1
20371,1
24616,0
12409,0
31453,0
40113,0
29955,0
15613,1
19050,0
27444,0
40440,1
32988,1
18129,1
9738,0
23517,0
28752,1
26578,0
22759,0
13792,1
19414,0
23060,0
31088,1
39304,1
12586,1
8196,1
28342,0
10848,1
20188,0
30348,1
11708,1
8821,1
30212,1
39091,1
30188,1
7240,0
22428,0
40400,1
9203,1
40644,1
6189,0
20533,1
21847,1
37142,1
2892,0
31509,1
28749,0
7262,0
30967,0
17551,1
15793,1
38202,0
10237,0
37392,0
11233,1
35204,0
24617,0
32963,0
40300,1
3921,0
7725,1
32208,1
39656,1
21781,0
1186,0
16610,0
30529,1
28830,0
30389,1
15958,0
32432,0
12917,0
22390,1
37524,1
22813,0
36442,0
39388,1
36194,1
31579,0
6465,0
40552,1
30412,1
40773,1
17251,0
37250,1
5109,0
40506,1
14506,0
12752,0
20581,1
3887,1
36396,0
40770,1
30168,1
38592,1
37143,1
29384,1
41026,1
25196,0
9547,1
29734,0
33845,1
19400,1
13259,0
40993,1
16226,0
13293,1
34601,1
38025,1
20325,0
36813,1
41158,1
39677,1
36651,0
1791,1
37419,1
36689,1
322,0
11549,1
20073,0
37662,1
28135,0
38076,1
28715,1
24583,1
29043,1
35093,1
30422,1
22804,1
40410,1
17669,0
29791,1
40682,1
26910,0
40043,1
27962,1
19174,0
5016,0
37225,1
16669,0
39533,1
31264,0
40360,1
7730,0
10730,0
35895,1
1647,0
2635,1
38540,1
27893,1
39215,1
15299,0
9911,1
38661,0
13579,0
29979,1
1583,0
38258,1
12378,0
40589,1
38203,0
31107,0
23662,0
8433,0
5215,0
21023,0
7437,1
25504,0
34861,1
29953,0
14000,1
3031,0
38628,1
39190,1
15071,0
16392,1
8620,0
28754,0
36816,1
41016,1
3742,0
29348,1
12044,0
40499,1
30078,0
28481,1
3954,0
39267,1
15040,0
28687,0
36413,1
30140,1
29610,1
6631,0
4101,0
35826,1
38721,1
33798,1
15474,1
20368,1
37833,1
13395,0
36401,1
15991,0
14582,1
24229,0
12101,0
1824,0
21761,1
32700,0
19927,0
18980,0
237,0
5884,0
21338,0
31761,0
2962,0
40713,0
15042,0
36166,1
25384,0
37341,1
36499,1
37049,0
9003,1
32825,0
34961,0
41020,1
39060,1
27299,0
7137,1
38754,1
33555,0
33926,1
18574,0
4793,1
18801,0
14040,0
7257,0
33200,1
36,0
27762,0
8014,1
1590,0
16846,0
24488,1
30018,1
38720,1
39384,1
6998,0
39139,0
36579,1
39989,1
30161,1
30439,1
13031,1
39592,1
33054,0
30404,1
40246,1
36852,1
30211,0
38141,1
36744,1
4050,1
37753,1
14815,1
7987,0
28464,0
39676,1
5688,0
31989,1
4594,0
27514,0
39856,1
27573,0
28029,0
37756,1
3864,0
22162,0
38524,0
1893,0
26538,1
39210,1
38876,1
14633,1
39245,1
11990,0
40112,1
19197,0
16811,0
36432,1
40732,1
39045,1
20374,0
10948,0
11931,1
34433,1
40365,1
41166,1
36076,0
26441,1
26413,0
34212,1
38741,1
36885,1
28311,0
20911,1
15272,0
26366,0
28261,1
32661,0
39619,1
5204,0
34864,0
17787,0
38706,1
8901,0
27417,0
32984,0
30740,0
35326,0
4774,0
12466,1
39831,1
4775,0
16744,0
10923,0
27151,1
17943,0
37356,1
38269,1
20542,1
24831,0
33647,0
2175,0
30273,1
3382,0
27709,0
41039,1
10605,0
40064,1
30912,0
21403,0
30005,1
33617,0
5442,1
10709,0
29796,0
18513,0
37409,1
31558,1
38680,1
31293,0
19141,0
24956,0
31675,0
40498,1
9300,0
40017,1
27490,0
38724,1
37837,0
29753,0
24769,0
2459,0
11126,0
38042,1
9258,0
38961,1
25894,0
39195,1
35965,0
40701,1
37192,0
16278,1
25757,0
11843,0
39580,1
22380,0
30925,0
40063,0
32176,0
34321,0
19810,1
33078,0
16459,0
24264,0
32702,0
30260,1
40206,0
27690,1
11298,0
5073,1
4639,0
33359,1
3340,0
15337,0
23784,0
5751,0
3203,1
39617,1
33997,1
26999,1
28203,0
28228,0
38206,0
37245,1
1443,0
40626,1
11912,0
11898,0
17012,0
6891,0
26628,0
21520,0
38189,0
19708,0
35743,1
17908,0
36636,1
38640,1
8535,1
22683,0
37529,1
39638,1
7468,0
18041,1
12885,0
27711,1
14639,1
21321,0
39841,1
40743,0
30089,1
28540,1
18515,1
21943,0
26980,1
39135,1
13585,1
681,1
40992,1
38771,0
36249,1
38815,0
13447,0
4219,0
25199,0
10479,0
36671,1
30516,1
30000,1
4667,0
5810,0
41098,1
10843,0
31939,1
40143,1
25295,0
35617,1
8701,0
14103,1
7389,0
25342,0
30359,1
23510,1
5821,0
40816,1
9131,0
15391,0
19532,0
11676,0
28979,1
34744,1
35695,0
40612,1
41153,1
16149,1
29467,0
30045,1
38138,1
15485,1
39256,1
18824,0
38364,0
24476,0
28558,0
8158,0
9309,0
11915,0
40448,1
16711,1
7155,0
23020,1
461,0
4722,0
40423,1
20319,0
37643,1
25732,1
34193,0
15715,0
17365,1
6808,0
22280,0
7283,0
35874,1
34827,1
4848,0
2440,0
21323,0
36841,0
24577,0
24073,1
37854,1
30006,1
26445,1
30182,1
16246,0
41019,1
15141,0
39725,1
40342,1
41128,1
29838,0
41057,1
37549,0
19421,0
21274,1
12162,0
30463,1
24012,1
27632,0
12147,0
37337,1
29933,0
12191,1
28043,1
40173,0
7172,0
8480,0
30589,1
25442,0
12691,0
34025,1
10388,0
36895,1
33795,0
30413,1
17574,0
39390,1
28213,0
3989,0
28831,1
36659,1
37370,1
38104,1
16383,0
40968,1
1575,0
12785,1
14743,0
13867,0
4024,0
27456,0
36556,1
30356,1
23414,1
30621,1
11377,0
40661,1
28498,1
12391,0
11150,0
37543,1
38489,1
33398,1
34407,1
39157,1
34648,1
30286,1
39099,1
40128,1
3483,0
38441,0
24213,1
10390,0
17538,1
40235,1
28305,1
23039,0
39940,1
37737,1
36978,1
26499,0
37147,1
13907,0
38781,1
34535,1
33684,0
36526,1
40285,0
9146,0
5453,0
19147,0
33473,0
39730,1
20380,0
37017,1
16326,1
26020,0
34743,1
26359,1
36867,1
4464,0
40167,1
16946,0
38596,1
39953,1
14403,0
20500,1
30497,1
26673,1
38825,1
8407,0
3854,1
32039,0
9698,0
29828,1
24715,0
37910,1
8634,0
38051,1
20781,0
38642,1
20529,1
21495,0
31896,1
39712,1
28527,0
16219,0
28947,1
20828,0
39228,1
30908,0
24737,1
26821,0
28272,1
5084,1
36762,1
8489,1
8643,1
39364,1
18054,0
25604,1
11961,1
38397,1
1031,0
41058,1
40727,1
28507,1
29150,0
4987,0
7892,0
18839,0
30572,1
24733,0
27723,1
410,0
28751,0
6433,1
9861,0
14939,0
8006,0
16310,0
35730,0
40905,0
25377,0
40071,1
37580,1
21890,0
8544,0
32943,0
39435,0
1075,0
40404,1
36218,0
35937,1
5069,0
16056,1
38420,1
8169,0
36819,1
38846,0
40723,1
28047,0
39969,1
22454,0
21396,1
33799,1
41035,1
10098,0
12552,0
21330,1
26584,0
39283,1
16417,0
19477,0
25908,1
7404,1
2057,0
4672,1
39429,0
25168,0
28484,1
40628,1
26316,0
9893,1
40078,1
40355,1
12271,0
20270,0
39704,1
27078,0
37613,1
14711,1
17212,0
38666,1
38950,0
26019,0
11016,1
28470,1
32296,0
3576,1
21004,1
40496,1
29370,1
28471,1
37507,1
20091,1
20143,0
40748,1
38034,1
18061,0
11947,1
9266,0
39540,1
21991,1
41156,1
5415,1
39325,1
40775,1
13032,0
12958,0
40758,1
33025,0
39885,1
503,0
680,0
12400,0
12041,1
3565,0
38204,1
15380,0
19862,1
17397,0
19952,0
38321,1
5852,1
6703,0
38109,1
32368,0
39222,1
41,0
26927,1
40379,1
4695,0
39993,1
37970,1
20343,1
2775,1
26588,1
22348,0
34470,1
30279,0
31875,1
28984,0
13748,0
17267,1
37727,1
16544,0
33765,1
10865,1
22476,0
13647,0
39349,1
35914,1
18959,0
20656,0
12519,0
34291,0
28632,1
39983,1
27104,1
40398,1
33228,0
27816,1
37589,0
11449,1
40407,1
6086,0
4623,1
7525,0
33222,0
37109,1
9962,0
37987,1
2853,1
22997,1
10545,0
20080,1
4737,1
13233,0
40472,1
24901,0
30339,1
28355,0
40756,1
30644,1
6037,0
22304,0
24379,1
38797,1
6585,1
37331,1
39979,1
40957,1
35277,0
4242,0
31795,0
14944,1
22755,1
30146,1
30309,1
20750,1
35793,1
23028,0
26947,1
28394,0
33032,0
37545,0
24938,1
30683,0
2077,0
5329,1
39648,1
39004,1
6811,0
41046,1
6643,0
17263,0
5936,0
14712,1
27862,1
9278,0
6596,0
1820,0
30464,1
12898,0
30993,1
39843,1
30328,0
17853,0
26517,0
29408,1
32093,1
7731,1
38033,1
24029,1
4937,0
2086,0
30282,1
13005,0
40131,1
38374,0
35415,1
37441,0
27407,0
19196,1
40951,1
38677,0
6949,0
38987,1
38127,1
14729,1
29023,1
25494,0
30157,1
8286,0
19644,0
40990,1
41073,0
10842,0
38935,1
6895,0
39028,1
27850,1
27282,1
36415,1
36369,1
1420,0
28354,1
27781,1
25361,0
22263,0
28081,0
12501,1
7147,0
8082,0
24574,0
6569,0
8356,0
27891,1
21897,0
38080,1
26690,0
19923,0
13710,1
18514,1
9977,0
40927,1
22518,0
38516,1
13834,1
36364,1
19112,0
15744,1
23235,1
36954,1
40909,1
33511,1
31917,0
8162,0
40610,1
40728,1
40997,0
2854,0
24196,0
40310,1
36673,1
39339,1
38951,0
7835,1
39917,1
8279,1
37470,1
24083,1
18769,0
17595,0
19044,1
40121,1
35251,1
35884,1
28417,1
39544,1
37045,1
3568,0
32274,0
40172,1
19685,0
37861,1
32925,0
32978,0
40392,1
36069,1
8180,1
19770,0
10391,0
37489,1
26440,0
14075,1
4536,0
40892,1
40720,1
18847,0
13494,1
37640,1
21856,0
23457,0
15637,0
37141,1
5233,0
29977,1
4249,0
915,0
40263,1
38400,1
891,0
35377,1
39847,1
28902,1
39742,1
36235,1
15925,1
8017,0
8582,0
36724,1
21141,0
34938,0
15052,0
27590,1
3545,1
16391,1
11156,0
27448,0
29826,1
34869,0
11099,0
36226,0
4161,0
37883,0
12258,0
38283,1
5707,1
899,0
39011,1
33823,0
39760,1
24055,1
40684,1
36799,1
30312,1
15679,0
34047,1
6292,0
24058,1
14834,0
35828,1
7065,0
3548,0
38964,1
35174,1
38376,1
39134,1
41183,1
40168,1
2182,0
32051,0
4840,0
7841,0
26021,0
18884,0
33152,1
27987,1
19280,0
35944,1
26243,0
34111,0
35440,1
27122,0
35036,1
26395,0
9748,0
397,0
17209,0
36561,1
28437,1
11524,0
11881,0
9747,0
35830,0
39606,1
30800,0
39175,1
36608,1
30092,1
24296,0
36124,1
30217,1
26769,0
3972,0
7444,1
4080,0
21030,0
36946,1
37919,1
38999,1
36903,0
3229,0
28545,1
20665,0
27864,1
3274,0
39784,1
876,1
38877,0
17446,0
38928,1
30396,1
34804,0
33789,1
969,0
12577,0
32728,1
28980,0
23005,0
2574,0
1586,0
19731,0
22508,0
17391,1
30023,1
15316,1
5346,0
17273,0
1987,0
23228,1
21657,0
27708,1
38929,1
29564,0
30059,1
1114,1
6469,0
13942,1
389,1
3269,0
35323,1
30769,1
38236,0
19418,0
8377,0
39289,1
40070,1
15209,1
8435,1
12195,1
36711,0
36381,1
39667,1
38871,1
4956,0
38277,1
33841,0
15951,1
22911,0
30179,1
22351,0
33479,1
7848,0
36379,0
39041,1
11634,0
25557,1
7386,0
30190,1
19981,0
35980,0
17775,0
23021,0
7122,0
31326,0
1356,0
39322,1
27422,0
31429,0
11492,1
4437,0
30550,1
32810,0
1349,0
6272,0
21819,0
4021,0
40114,1
40977,1
39694,1
25030,0
36271,1
20765,0
26548,1
2599,0
32936,0
9741,1
10663,1
9456,0
41047,1
11471,1
6829,0
29440,0
6395,0
39607,1
31842,0
37205,1
39652,0
38696,1
33811,0
10193,0
6956,0
10227,1
11087,0
21226,1
34070,1
39231,1
26634,1
4627,0
37902,0
28278,1
32546,1
13473,0
35955,1
37581,0
30230,1
25527,1
40338,0
40822,1
2925,0
19606,0
38194,1
1423,0
8940,0
8513,0
30565,1
25301,1
40153,1
4694,1
26250,0
27937,1
40763,1
11571,0
31773,0
9708,1
19512,1
4102,0
31344,0
24935,0
40002,1
18214,0
9667,0
40299,1
21133,1
34201,1
7961,0
34761,0
40766,1
6360,0
20973,0
24613,1
35523,1
37764,1
27768,1
37189,1
39505,1
10247,1
12441,0
34612,0
13508,0
36085,1
2755,1
40197,1
8514,1
32408,0
37878,1
36348,0
23388,1
34001,1
9162,0
12887,1
34034,1
34309,0
32830,1
17031,0
